﻿<?xml version="1.0" encoding="utf-8"?>
<VariableService>
  <Variables>
    <Variable>
      <VarName>料号</VarName>
      <FieldName>Field</FieldName>
      <FieldType>String</FieldType>
      <DefaultValue>
      </DefaultValue>
      <Value>A</Value>
      <IsAutoSave>false</IsAutoSave>
      <Definition>
      </Definition>
      <Describtion>
      </Describtion>
      <ID>90607fdf-7297-49e1-8e02-f71a4180ce1c</ID>
      <EditMode>Write</EditMode>
    </Variable>
  </Variables>
</VariableService>                                                                                                                                                                                                                                                                                                                                                                                                                                                                                                                