﻿<?xml version="1.0" encoding="utf-8"?>
<Devices>
  <MachineModelConfig DeviceFolder="Device">
    <DeviceList>
      <DeviceInfo DeviceAttributeName="Tcp" DeviceName="服务器1" DeviceID="cedfe463-9e72-4d47-9886-812c65883d85">
        <DeviceNode>
          <Settings IP="127.123.0.1" Port="3000" LocalPort="5000" LocalIP="127.0.0.1" IsClient="False" EnLocal="False" SN="b52e4687-906f-4d20-af3e-d3b1f9601177" DisplayName="服务器1" Comments="" Name="服务器1" ID="cedfe463-9e72-4d47-9886-812c65883d85" ReConnectTime="100" OffLine="False" LastStatus="Initialize" />
        </DeviceNode>
      </DeviceInfo>
      <DeviceInfo DeviceAttributeName="Tcp" DeviceName="客户端1" DeviceID="f70df98e-2197-4347-a9c3-410ec82bd6f9">
        <DeviceNode>
          <Settings IP="127.123.0.1" Port="3000" LocalPort="5000" LocalIP="127.0.0.2" IsClient="True" EnLocal="True" SN="54d39592-a973-410c-b03f-87d813c85563" DisplayName="客户端1" Comments="" Name="客户端1" ID="f70df98e-2197-4347-a9c3-410ec82bd6f9" ReConnectTime="100" OffLine="False" LastStatus="Initialize" />
        </DeviceNode>
      </DeviceInfo>
      <DeviceInfo DeviceAttributeName="Tcp" DeviceName="客户端2" DeviceID="091d435e-4fce-4fb3-9e8c-8218931006eb">
        <DeviceNode>
          <Settings IP="127.123.0.1" Port="3000" LocalPort="5000" LocalIP="127.123.0.3" IsClient="True" EnLocal="True" SN="c6ef55e1-c6af-43d4-8ffe-26a437d04cb5" DisplayName="客户端2" Comments="" Name="客户端2" ID="091d435e-4fce-4fb3-9e8c-8218931006eb" ReConnectTime="100" OffLine="False" LastStatus="Initialize" />
        </DeviceNode>
      </DeviceInfo>
      <DeviceInfo DeviceAttributeName="UserLog" DeviceName="用户日志1" DeviceID="e542a37b-eea2-41f2-aad6-33c769d3e776">
        <DeviceNode>
          <Settings RelativePath="UserLog" LogLevel="Debug" FileRuleValue="Daily" FileType="Csv" ShowNumber="10" TimeFormat="yyyy-MM-dd HH:mm:ss.fff" IsShowSearch="True" IsShowSaveAs="True" IsShowClear="True" IsShowLevel="True" IsShowDomain="True" IsShowModule="True" IsShowTime="True" FileLimitSize="10" IsShowGrid="False" DomainColumnWidth="70" LogModuleColumnWidth="80" LogTimeColumnWidth="160" SN="3c6ba17e-4da9-496d-85b0-a7fb34d285df" DisplayName="用户日志1" Comments="" Name="用户日志1" ID="e542a37b-eea2-41f2-aad6-33c769d3e776" ReConnectTime="10" ReConnectCount="5" OffLine="False" LastStatus="Initialize" />
        </DeviceNode>
      </DeviceInfo>
    </DeviceList>
  </MachineModelConfig>
</Devices>                                                        