﻿<?xml version="1.0" encoding="utf-8"?>
<HMI>
  <GlobalExecutor>
    <GlobalExecutor>
      <ToolBarExpanded>False</ToolBarExpanded>
      <WindowViewerExpanded>False</WindowViewerExpanded>
      <Windows />
    </GlobalExecutor>
  </GlobalExecutor>
  <GlobalVspExecutorOwner>
    <GlobalVspExecutorOwner />
  </GlobalVspExecutorOwner>
</HMI>                                                                                                                                                            