﻿<?xml version="1.0" encoding="utf-8"?>
<Windows>
  <Window ID="5d6f1493-d76d-412d-b149-c0837ce9357b" Name="锂电池装配" Width="1920" MinWidth="120" MaxWidth="3840" Height="1080" MinHeight="90" MaxHeight="2160" UserButtonEnable="True" FullScreenButtonEnable="True" LicenseNotifyButtonEnable="True" VpsPathButtonEnable="True" Background="#FF1C1F22" IsMainWindow="True" IsModalWindow="True" CanResize="True" ReadLevel="Everyone" WriteLevel="Everyone" ImageIconPath="" StartUpLocation="0" AlwaysCreate="False" Monitor="0" AutoStart="False" LastX="0" LastY="0" LastWidth="0" LastHeight="0">
    <HMITool Type="Group.HMIShape" ID="5c56883f-3212-4aca-9d9f-8ffb0dc4a3f0" Name="" Left="0" Top="0" Width="1936" Height="62" Background="#FF3498DB" Foreground="#FFFFFFFF" FontSize="15" FontWeight="Normal" FontStyle="Normal" TextDecoration="null" FontFamily="Arial" TextHorizontalAlignment="Left" TextVerticalAlignment="Center" BorderBrush="#FFFFFFFF" BorderThickness="1" ZIndex="2" ReadLevel="Everyone" WriteLevel="Everyone" IsLocked="False" AllowEditWhenRunning="False">
      <AuthenticationOfRead Condition="False" />
      <AuthenticationOfWrite Condition="False" />
      <ShapeStyle>Square</ShapeStyle>
      <Angle>0.0</Angle>
    </HMITool>
    <HMITool Type="Group.HMIShape" ID="3bbd5f97-c111-4c5e-8c72-3d581079fa6f" Name="" Left="0" Top="1022" Width="1920" Height="58" Background="#FF3498DB" Foreground="#FFFFFFFF" FontSize="15" FontWeight="Normal" FontStyle="Normal" TextDecoration="null" FontFamily="Arial" TextHorizontalAlignment="Left" TextVerticalAlignment="Center" BorderBrush="#FFFFFFFF" BorderThickness="1" ZIndex="0" ReadLevel="Everyone" WriteLevel="Everyone" IsLocked="False" AllowEditWhenRunning="False">
      <AuthenticationOfRead Condition="False" />
      <AuthenticationOfWrite Condition="False" />
      <ShapeStyle>Square</ShapeStyle>
      <Angle>0.0</Angle>
    </HMITool>
    <HMITool Type="Group.StaticImage" ID="29f2a2ee-71b5-49af-b9d3-b9c4cc8f7f80" Name="" Left="0" Top="6" Width="298" Height="44" Background="#FF2D3234" Foreground="#FFFFFFFF" FontSize="15" FontWeight="Normal" FontStyle="Normal" TextDecoration="null" FontFamily="Arial" TextHorizontalAlignment="Left" TextVerticalAlignment="Center" BorderBrush="#FFFFFFFF" BorderThickness="0" ZIndex="2" ReadLevel="Everyone" WriteLevel="Everyone" IsLocked="False" AllowEditWhenRunning="False">
      <AuthenticationOfRead Condition="False" />
      <AuthenticationOfWrite Condition="False" />
      <ImageFilePath>Icons\DCCK-White.png</ImageFilePath>
      <Stretch>Uniform</Stretch>
    </HMITool>
    <HMITool Type="Display.SingleLineText" ID="7b6ecbc8-ed4c-4dc0-9c33-2288e976a9b4" Name="" Left="792" Top="0" Width="309" Height="62" Background="#00FFFFFF" Foreground="#FFFFFFFF" FontSize="36" FontWeight="Normal" FontStyle="Normal" TextDecoration="null" FontFamily="Arial" TextHorizontalAlignment="Center" TextVerticalAlignment="Center" BorderBrush="#FFFFFFFF" BorderThickness="0" ZIndex="2" ReadLevel="Everyone" WriteLevel="Everyone" IsLocked="False" AllowEditWhenRunning="False">
      <AuthenticationOfRead Condition="False" />
      <AuthenticationOfWrite Condition="False" />
      <Text>锂电池装配</Text>
    </HMITool>
    <HMITool Type="Image.CogRecordDisplay" ID="eef07975-c0f2-4f78-a2bb-c65f79fe5224" Name="" Left="0" Top="68" Width="520" Height="394" Background="#FF2E3436" Foreground="#FFFFFFFF" FontSize="15" FontWeight="Normal" FontStyle="Normal" TextDecoration="null" FontFamily="Arial" TextHorizontalAlignment="Left" TextVerticalAlignment="Center" BorderBrush="#FFFFFFFF" BorderThickness="0" ZIndex="2" ReadLevel="Everyone" WriteLevel="Everyone" IsLocked="False" AllowEditWhenRunning="True">
      <AuthenticationOfRead Condition="False" />
      <AuthenticationOfWrite Condition="False" />
      <ReferencedIdocs>
        <ReferencedIdoc Tag="Image1" JobID="00000000-0000-0000-0000-000000000000" IdocID="58d82bd5-147b-451c-9508-123f01cd9c39" Output="Record" />
      </ReferencedIdocs>
      <IsAutomatic>True</IsAutomatic>
      <ImageSettings>
        <ImageSetting>
          <Image ValueFrom="IdocOutputResult" Tag="Image1" />
          <NeedTransform ValueFrom="UserCustom" Tag="Image1_NeedTransform" Value="False" />
          <X ValueFrom="UserCustom" Tag="Image1_X" Value="0" />
          <Y ValueFrom="UserCustom" Tag="Image1_Y" Value="0" />
          <LowerLimit ValueFrom="UserCustom" Tag="Image1_LowerLimit" Value="0" />
          <UpperLimit ValueFrom="UserCustom" Tag="Image1_UpperLimit" Value="65535" />
          <Zoom ValueFrom="UserCustom" Tag="Image1Zoom" Value="1" />
          <DisplayMode>None</DisplayMode>
          <TuneMode>Never</TuneMode>
        </ImageSetting>
      </ImageSettings>
      <DisplayWindowTop>0</DisplayWindowTop>
      <DisplayWindowLeft>0</DisplayWindowLeft>
      <DisplayWindowHeight>NaN</DisplayWindowHeight>
      <DisplayWindowWidth>NaN</DisplayWindowWidth>
    </HMITool>
    <HMITool Type="Button.Button" ID="0e506ecf-3d59-4634-a4c5-1ed3fa4bfb04" Name="" Left="12" Top="476.333333333334" Width="130" Height="58" Background="#FF2D3234" Foreground="#FFFFFFFF" FontSize="28" FontWeight="Normal" FontStyle="Normal" TextDecoration="null" FontFamily="Arial" TextHorizontalAlignment="Left" TextVerticalAlignment="Center" BorderBrush="#FFFFFFFF" BorderThickness="0" ZIndex="2" ReadLevel="Everyone" WriteLevel="Everyone" IsLocked="False" AllowEditWhenRunning="True">
      <AuthenticationOfRead Condition="False" />
      <AuthenticationOfWrite Condition="False" />
      <Content>抓取</Content>
      <FontSize>16</FontSize>
      <ImagePath ValueFrom="UserCustom" Tag="ImagePath" Value="" />
      <ImageStretch>None</ImageStretch>
      <Foreground>#FFFFFFFF</Foreground>
      <WindowID>00000000-0000-0000-0000-000000000000</WindowID>
      <Path>
      </Path>
      <RunParameter>
      </RunParameter>
      <Corner>2.0</Corner>
      <RunTarget>event</RunTarget>
      <EventId>2f474ef6-f8c9-472c-92f9-c73415ef5718</EventId>
      <ClickInterval>100</ClickInterval>
      <IsPressedClick>False</IsPressedClick>
      <PressedMillisecond>0</PressedMillisecond>
    </HMITool>
    <HMITool Type="Button.RunButton" ID="ea8471fb-12c3-4b34-ad5c-a2bde8a68854" Name="" Left="1676" Top="0" Width="80" Height="62" Background="#FF2AA7F4" Foreground="#FFFFFFFF" FontSize="15" FontWeight="Normal" FontStyle="Normal" TextDecoration="null" FontFamily="Arial" TextHorizontalAlignment="Left" TextVerticalAlignment="Center" BorderBrush="#FFFFFFFF" BorderThickness="0" ZIndex="2" ReadLevel="Everyone" WriteLevel="Everyone" IsLocked="False" AllowEditWhenRunning="True">
      <AuthenticationOfRead Condition="False" />
      <AuthenticationOfWrite Condition="False" />
      <CornerRadius>50.0</CornerRadius>
    </HMITool>
    <HMITool Type="Image.CogRecordDisplay" ID="70ebc0a1-a0b5-41a5-8f46-f0812eb2a5d4" Name="" Left="6" Top="544" Width="514" Height="386" Background="#FF2E3436" Foreground="#FFFFFFFF" FontSize="15" FontWeight="Normal" FontStyle="Normal" TextDecoration="null" FontFamily="Arial" TextHorizontalAlignment="Left" TextVerticalAlignment="Center" BorderBrush="#FFFFFFFF" BorderThickness="0" ZIndex="4" ReadLevel="Everyone" WriteLevel="Everyone" IsLocked="False" AllowEditWhenRunning="True">
      <AuthenticationOfRead Condition="False" />
      <AuthenticationOfWrite Condition="False" />
      <ReferencedIdocs>
        <ReferencedIdoc Tag="Image1" JobID="00000000-0000-0000-0000-000000000000" IdocID="79dfbad4-96d3-45c3-957c-6adae076df4d" Output="数据项5" />
      </ReferencedIdocs>
      <IsAutomatic>True</IsAutomatic>
      <ImageSettings>
        <ImageSetting>
          <Image ValueFrom="IdocOutputResult" Tag="Image1" />
          <NeedTransform ValueFrom="UserCustom" Tag="Image1_NeedTransform" Value="False" />
          <X ValueFrom="UserCustom" Tag="Image1_X" Value="0" />
          <Y ValueFrom="UserCustom" Tag="Image1_Y" Value="0" />
          <LowerLimit ValueFrom="UserCustom" Tag="Image1_LowerLimit" Value="0" />
          <UpperLimit ValueFrom="UserCustom" Tag="Image1_UpperLimit" Value="65535" />
          <Zoom ValueFrom="UserCustom" Tag="Image1Zoom" Value="1" />
          <DisplayMode>None</DisplayMode>
          <TuneMode>Never</TuneMode>
        </ImageSetting>
      </ImageSettings>
      <DisplayWindowTop>0</DisplayWindowTop>
      <DisplayWindowLeft>0</DisplayWindowLeft>
      <DisplayWindowHeight>NaN</DisplayWindowHeight>
      <DisplayWindowWidth>NaN</DisplayWindowWidth>
    </HMITool>
    <HMITool Type="Button.Button" ID="fbf05fda-06ec-451d-9e75-1ddfb19bb297" Name="" Left="12" Top="946" Width="130" Height="58" Background="#FF2D3234" Foreground="#FFFFFFFF" FontSize="28" FontWeight="Normal" FontStyle="Normal" TextDecoration="null" FontFamily="Arial" TextHorizontalAlignment="Left" TextVerticalAlignment="Center" BorderBrush="#FFFFFFFF" BorderThickness="0" ZIndex="6" ReadLevel="Everyone" WriteLevel="Everyone" IsLocked="False" AllowEditWhenRunning="True">
      <AuthenticationOfRead Condition="False" />
      <AuthenticationOfWrite Condition="False" />
      <Content>装配</Content>
      <FontSize>16</FontSize>
      <ImagePath ValueFrom="UserCustom" Tag="ImagePath" Value="" />
      <ImageStretch>None</ImageStretch>
      <Foreground>#FFFFFFFF</Foreground>
      <WindowID>00000000-0000-0000-0000-000000000000</WindowID>
      <Path>
      </Path>
      <RunParameter>
      </RunParameter>
      <Corner>2.0</Corner>
      <RunTarget>event</RunTarget>
      <EventId>6e7143aa-ef17-40f6-9c42-d1504fe6ad6e</EventId>
      <ClickInterval>100</ClickInterval>
      <IsPressedClick>False</IsPressedClick>
      <PressedMillisecond>0</PressedMillisecond>
    </HMITool>
    <HMITool Type="Display.OK/NG" ID="e3d28c71-2480-4cf5-86e0-726d64ba0de7" Name="" Left="539.333333333331" Top="73.9999999999999" Width="397.666666666669" Height="451.333333333334" Background="#FF2D3234" Foreground="#FFFFFFFF" FontSize="100" FontWeight="Normal" FontStyle="Normal" TextDecoration="null" FontFamily="Arial" TextHorizontalAlignment="Left" TextVerticalAlignment="Center" BorderBrush="#FFFFFFFF" BorderThickness="0" ZIndex="6" ReadLevel="Everyone" WriteLevel="Everyone" IsLocked="False" AllowEditWhenRunning="True">
      <AuthenticationOfRead Condition="False" />
      <AuthenticationOfWrite Condition="False" />
      <ReferencedIdocs>
        <ReferencedIdoc Tag="Input" JobID="00000000-0000-0000-0000-000000000000" IdocID="4bafb44e-73a7-4ea1-828f-ccb1a9147013" Output="Successfully" />
      </ReferencedIdocs>
      <ResultFontSize>100</ResultFontSize>
      <Input ValueFrom="IdocOutputResult" Tag="Input" />
      <OKColor>#FF008000</OKColor>
      <NGColor>#FFFF0000</NGColor>
      <OKText ValueFrom="UserCustom" Tag="OKText" Value="OK" />
      <NGText ValueFrom="UserCustom" Tag="NGText" Value="NG" />
      <TotalCount>14</TotalCount>
      <OKCount>10</OKCount>
      <NGCount>4</NGCount>
      <Pass>71.43%</Pass>
      <Result>--</Result>
      <ShowStatistics>True</ShowStatistics>
      <ShowChecking>False</ShowChecking>
      <IsChecking ValueFrom="VariableField" Tag="IsChecking" />
      <CheckingText ValueFrom="UserCustom" Tag="CheckingText" Value="" />
      <CheckingForeground>#FFFFFFFF</CheckingForeground>
      <NeedClearData ValueFrom="UserCustom" Tag="NeedClearData" Value="False" />
    </HMITool>
    <HMITool Type="Display.OK/NG" ID="0cd2ccd1-682a-4a66-831e-cd9525834bd4" Name="" Left="539.333333333331" Top="544" Width="397.666666666669" Height="451.333333333334" Background="#FF2D3234" Foreground="#FFFFFFFF" FontSize="100" FontWeight="Normal" FontStyle="Normal" TextDecoration="null" FontFamily="Arial" TextHorizontalAlignment="Left" TextVerticalAlignment="Center" BorderBrush="#FFFFFFFF" BorderThickness="0" ZIndex="12" ReadLevel="Everyone" WriteLevel="Everyone" IsLocked="False" AllowEditWhenRunning="True">
      <AuthenticationOfRead Condition="False" />
      <AuthenticationOfWrite Condition="False" />
      <ReferencedIdocs>
        <ReferencedIdoc Tag="Input" JobID="00000000-0000-0000-0000-000000000000" IdocID="79dfbad4-96d3-45c3-957c-6adae076df4d" Output="数据项2" />
      </ReferencedIdocs>
      <ResultFontSize>100</ResultFontSize>
      <Input ValueFrom="IdocOutputResult" Tag="Input" />
      <OKColor>#FF008000</OKColor>
      <NGColor>#FFFF0000</NGColor>
      <OKText ValueFrom="UserCustom" Tag="OKText" Value="OK" />
      <NGText ValueFrom="UserCustom" Tag="NGText" Value="NG" />
      <TotalCount>11</TotalCount>
      <OKCount>7</OKCount>
      <NGCount>4</NGCount>
      <Pass>63.64%</Pass>
      <Result>--</Result>
      <ShowStatistics>True</ShowStatistics>
      <ShowChecking>False</ShowChecking>
      <IsChecking ValueFrom="VariableField" Tag="IsChecking" />
      <CheckingText ValueFrom="UserCustom" Tag="CheckingText" Value="" />
      <CheckingForeground>#FFFFFFFF</CheckingForeground>
      <NeedClearData ValueFrom="UserCustom" Tag="NeedClearData" Value="False" />
    </HMITool>
    <HMITool Type="Group.TextBlock" ID="4967a9f1-8195-4886-980f-9b510701840a" Name="" Left="960" Top="73.9999999999999" Width="396" Height="361" Background="#00FFFFFF" Foreground="#FFFFFFFF" FontSize="56" FontWeight="Normal" FontStyle="Normal" TextDecoration="null" FontFamily="Arial" TextHorizontalAlignment="Left" TextVerticalAlignment="Top" BorderBrush="#FFFFFFFF" BorderThickness="0" ZIndex="12" ReadLevel="Everyone" WriteLevel="Everyone" IsLocked="False" AllowEditWhenRunning="False">
      <AuthenticationOfRead Condition="False" />
      <AuthenticationOfWrite Condition="False" />
      <Context>X:
Y:
R:
料号：
结果:</Context>
    </HMITool>
    <HMITool Type="Display.Label" ID="1a1653af-e3c6-400c-8578-d97c7f65e607" Name="" Left="1126" Top="88" Width="184" Height="32" Background="#00FFFFFF" Foreground="#FFFFFFFF" FontSize="36" FontWeight="Normal" FontStyle="Normal" TextDecoration="null" FontFamily="Arial" TextHorizontalAlignment="Left" TextVerticalAlignment="Center" BorderBrush="#FFFFFFFF" BorderThickness="0" ZIndex="24" ReadLevel="Everyone" WriteLevel="Everyone" IsLocked="False" AllowEditWhenRunning="False">
      <AuthenticationOfRead Condition="False" />
      <AuthenticationOfWrite Condition="False" />
      <ReferencedIdocs>
        <ReferencedIdoc Tag="Output1" JobID="00000000-0000-0000-0000-000000000000" IdocID="4bafb44e-73a7-4ea1-828f-ccb1a9147013" Output="X" />
      </ReferencedIdocs>
      <PreText ValueFrom="UserCustom" Tag="PreText" Value="" />
      <PostText ValueFrom="UserCustom" Tag="PostText" Value="" />
      <Texts>
        <Text ValueFrom="IdocOutputResult" Tag="Output1" />
      </Texts>
      <DecimalDigit>3</DecimalDigit>
    </HMITool>
    <HMITool Type="Display.Label" ID="ee62a545-1ea9-4ca7-a395-75265e523871" Name="" Left="1126" Top="158" Width="184" Height="32" Background="#00FFFFFF" Foreground="#FFFFFFFF" FontSize="36" FontWeight="Normal" FontStyle="Normal" TextDecoration="null" FontFamily="Arial" TextHorizontalAlignment="Left" TextVerticalAlignment="Center" BorderBrush="#FFFFFFFF" BorderThickness="0" ZIndex="48" ReadLevel="Everyone" WriteLevel="Everyone" IsLocked="False" AllowEditWhenRunning="False">
      <AuthenticationOfRead Condition="False" />
      <AuthenticationOfWrite Condition="False" />
      <ReferencedIdocs>
        <ReferencedIdoc Tag="Output1" JobID="00000000-0000-0000-0000-000000000000" IdocID="4bafb44e-73a7-4ea1-828f-ccb1a9147013" Output="Y" />
      </ReferencedIdocs>
      <PreText ValueFrom="UserCustom" Tag="PreText" Value="" />
      <PostText ValueFrom="UserCustom" Tag="PostText" Value="" />
      <Texts>
        <Text ValueFrom="IdocOutputResult" Tag="Output1" />
      </Texts>
      <DecimalDigit>3</DecimalDigit>
    </HMITool>
    <HMITool Type="Display.Label" ID="3b1b7cbd-d5ed-4432-94e3-cbcae53dcd69" Name="" Left="1126" Top="220" Width="184" Height="32" Background="#00FFFFFF" Foreground="#FFFFFFFF" FontSize="36" FontWeight="Normal" FontStyle="Normal" TextDecoration="null" FontFamily="Arial" TextHorizontalAlignment="Left" TextVerticalAlignment="Center" BorderBrush="#FFFFFFFF" BorderThickness="0" ZIndex="96" ReadLevel="Everyone" WriteLevel="Everyone" IsLocked="False" AllowEditWhenRunning="False">
      <AuthenticationOfRead Condition="False" />
      <AuthenticationOfWrite Condition="False" />
      <ReferencedIdocs>
        <ReferencedIdoc Tag="Output1" JobID="00000000-0000-0000-0000-000000000000" IdocID="4bafb44e-73a7-4ea1-828f-ccb1a9147013" Output="Result_GetLine_Rotation" />
      </ReferencedIdocs>
      <PreText ValueFrom="UserCustom" Tag="PreText" Value="" />
      <PostText ValueFrom="UserCustom" Tag="PostText" Value="" />
      <Texts>
        <Text ValueFrom="IdocOutputResult" Tag="Output1" />
      </Texts>
      <DecimalDigit>3</DecimalDigit>
    </HMITool>
    <HMITool Type="Display.Label" ID="58a8d5d4-58bb-4509-bcc7-cbff8eb654ab" Name="" Left="1126" Top="276" Width="184" Height="32" Background="#00FFFFFF" Foreground="#FFFFFFFF" FontSize="36" FontWeight="Normal" FontStyle="Normal" TextDecoration="null" FontFamily="Arial" TextHorizontalAlignment="Left" TextVerticalAlignment="Center" BorderBrush="#FFFFFFFF" BorderThickness="0" ZIndex="144" ReadLevel="Everyone" WriteLevel="Everyone" IsLocked="False" AllowEditWhenRunning="False">
      <AuthenticationOfRead Condition="False" />
      <AuthenticationOfWrite Condition="False" />
      <ReferencedVariables>
        <ReferencedVariable Tag="Output1" Variable="料号" Field="Field" ID="90607fdf-7297-49e1-8e02-f71a4180ce1c" />
      </ReferencedVariables>
      <PreText ValueFrom="UserCustom" Tag="PreText" Value="" />
      <PostText ValueFrom="UserCustom" Tag="PostText" Value="" />
      <Texts>
        <Text ValueFrom="VariableField" Tag="Output1" />
      </Texts>
      <DecimalDigit>3</DecimalDigit>
    </HMITool>
    <HMITool Type="Display.Label" ID="e0af5a61-3b85-4e6e-b97d-9720aa968027" Name="" Left="1126" Top="350" Width="184" Height="32" Background="#00FFFFFF" Foreground="#FFFFFFFF" FontSize="36" FontWeight="Normal" FontStyle="Normal" TextDecoration="null" FontFamily="Arial" TextHorizontalAlignment="Left" TextVerticalAlignment="Center" BorderBrush="#FFFFFFFF" BorderThickness="0" ZIndex="192" ReadLevel="Everyone" WriteLevel="Everyone" IsLocked="False" AllowEditWhenRunning="False">
      <AuthenticationOfRead Condition="False" />
      <AuthenticationOfWrite Condition="False" />
      <ReferencedIdocs>
        <ReferencedIdoc Tag="Output1" JobID="00000000-0000-0000-0000-000000000000" IdocID="4bafb44e-73a7-4ea1-828f-ccb1a9147013" Output="Successfully" />
      </ReferencedIdocs>
      <PreText ValueFrom="UserCustom" Tag="PreText" Value="" />
      <PostText ValueFrom="UserCustom" Tag="PostText" Value="" />
      <Texts>
        <Text ValueFrom="IdocOutputResult" Tag="Output1" />
      </Texts>
      <DecimalDigit>3</DecimalDigit>
    </HMITool>
    <HMITool Type="Group.TextBlock" ID="c21de13e-1cd5-4b74-96f5-b393efdc6c27" Name="" Left="958" Top="549" Width="398" Height="345" Background="#00FFFFFF" Foreground="#FFFFFFFF" FontSize="56" FontWeight="Normal" FontStyle="Normal" TextDecoration="null" FontFamily="Arial" TextHorizontalAlignment="Left" TextVerticalAlignment="Top" BorderBrush="#FFFFFFFF" BorderThickness="0" ZIndex="216" ReadLevel="Everyone" WriteLevel="Everyone" IsLocked="False" AllowEditWhenRunning="False">
      <AuthenticationOfRead Condition="False" />
      <AuthenticationOfWrite Condition="False" />
      <Context>X:
Y:
R:
料号：
结果:</Context>
    </HMITool>
    <HMITool Type="Display.Label" ID="e406025f-8257-460c-974c-3fb16beda75e" Name="" Left="1138" Top="562" Width="176" Height="32" Background="#00FFFFFF" Foreground="#FFFFFFFF" FontSize="36" FontWeight="Normal" FontStyle="Normal" TextDecoration="null" FontFamily="Arial" TextHorizontalAlignment="Left" TextVerticalAlignment="Center" BorderBrush="#FFFFFFFF" BorderThickness="0" ZIndex="216" ReadLevel="Everyone" WriteLevel="Everyone" IsLocked="False" AllowEditWhenRunning="False">
      <AuthenticationOfRead Condition="False" />
      <AuthenticationOfWrite Condition="False" />
      <ReferencedIdocs>
        <ReferencedIdoc Tag="Output1" JobID="00000000-0000-0000-0000-000000000000" IdocID="79dfbad4-96d3-45c3-957c-6adae076df4d" Output="数据项3" />
      </ReferencedIdocs>
      <PreText ValueFrom="UserCustom" Tag="PreText" Value="" />
      <PostText ValueFrom="UserCustom" Tag="PostText" Value="" />
      <Texts>
        <Text ValueFrom="IdocOutputResult" Tag="Output1" />
      </Texts>
      <DecimalDigit>3</DecimalDigit>
    </HMITool>
    <HMITool Type="Display.Label" ID="a662da89-6b26-4275-9b77-2152a4551283" Name="" Left="1138" Top="632" Width="176" Height="32" Background="#00FFFFFF" Foreground="#FFFFFFFF" FontSize="36" FontWeight="Normal" FontStyle="Normal" TextDecoration="null" FontFamily="Arial" TextHorizontalAlignment="Left" TextVerticalAlignment="Center" BorderBrush="#FFFFFFFF" BorderThickness="0" ZIndex="240" ReadLevel="Everyone" WriteLevel="Everyone" IsLocked="False" AllowEditWhenRunning="False">
      <AuthenticationOfRead Condition="False" />
      <AuthenticationOfWrite Condition="False" />
      <ReferencedIdocs>
        <ReferencedIdoc Tag="Output1" JobID="00000000-0000-0000-0000-000000000000" IdocID="79dfbad4-96d3-45c3-957c-6adae076df4d" Output="数据项4" />
      </ReferencedIdocs>
      <PreText ValueFrom="UserCustom" Tag="PreText" Value="" />
      <PostText ValueFrom="UserCustom" Tag="PostText" Value="" />
      <Texts>
        <Text ValueFrom="IdocOutputResult" Tag="Output1" />
      </Texts>
      <DecimalDigit>3</DecimalDigit>
    </HMITool>
    <HMITool Type="Display.Label" ID="bc8d14ce-76c0-4bb9-b578-8978ec959cd4" Name="" Left="1138" Top="694" Width="170" Height="32" Background="#00FFFFFF" Foreground="#FFFFFFFF" FontSize="36" FontWeight="Normal" FontStyle="Normal" TextDecoration="null" FontFamily="Arial" TextHorizontalAlignment="Left" TextVerticalAlignment="Center" BorderBrush="#FFFFFFFF" BorderThickness="0" ZIndex="288" ReadLevel="Everyone" WriteLevel="Everyone" IsLocked="False" AllowEditWhenRunning="False">
      <AuthenticationOfRead Condition="False" />
      <AuthenticationOfWrite Condition="False" />
      <ReferencedIdocs>
        <ReferencedIdoc Tag="Output1" JobID="00000000-0000-0000-0000-000000000000" IdocID="79dfbad4-96d3-45c3-957c-6adae076df4d" Output="数据项1" />
      </ReferencedIdocs>
      <PreText ValueFrom="UserCustom" Tag="PreText" Value="" />
      <PostText ValueFrom="UserCustom" Tag="PostText" Value="" />
      <Texts>
        <Text ValueFrom="IdocOutputResult" Tag="Output1" />
      </Texts>
      <DecimalDigit>3</DecimalDigit>
    </HMITool>
    <HMITool Type="Display.Label" ID="e2fa3536-56cf-4d63-8e0f-4ab3e427bf8b" Name="" Left="1138" Top="750" Width="176" Height="32" Background="#00FFFFFF" Foreground="#FFFFFFFF" FontSize="36" FontWeight="Normal" FontStyle="Normal" TextDecoration="null" FontFamily="Arial" TextHorizontalAlignment="Left" TextVerticalAlignment="Center" BorderBrush="#FFFFFFFF" BorderThickness="0" ZIndex="336" ReadLevel="Everyone" WriteLevel="Everyone" IsLocked="False" AllowEditWhenRunning="False">
      <AuthenticationOfRead Condition="False" />
      <AuthenticationOfWrite Condition="False" />
      <ReferencedVariables>
        <ReferencedVariable Tag="Output1" Variable="料号" Field="Field" ID="90607fdf-7297-49e1-8e02-f71a4180ce1c" />
      </ReferencedVariables>
      <PreText ValueFrom="UserCustom" Tag="PreText" Value="" />
      <PostText ValueFrom="UserCustom" Tag="PostText" Value="" />
      <Texts>
        <Text ValueFrom="VariableField" Tag="Output1" />
      </Texts>
      <DecimalDigit>3</DecimalDigit>
    </HMITool>
    <HMITool Type="Display.Label" ID="7e95d35d-bc6e-4ef8-a3b9-3058487ed0f1" Name="" Left="1138" Top="824" Width="190" Height="32" Background="#00FFFFFF" Foreground="#FFFFFFFF" FontSize="36" FontWeight="Normal" FontStyle="Normal" TextDecoration="null" FontFamily="Arial" TextHorizontalAlignment="Left" TextVerticalAlignment="Center" BorderBrush="#FFFFFFFF" BorderThickness="0" ZIndex="384" ReadLevel="Everyone" WriteLevel="Everyone" IsLocked="False" AllowEditWhenRunning="False">
      <AuthenticationOfRead Condition="False" />
      <AuthenticationOfWrite Condition="False" />
      <ReferencedIdocs>
        <ReferencedIdoc Tag="Output1" JobID="00000000-0000-0000-0000-000000000000" IdocID="79dfbad4-96d3-45c3-957c-6adae076df4d" Output="数据项2" />
      </ReferencedIdocs>
      <PreText ValueFrom="UserCustom" Tag="PreText" Value="" />
      <PostText ValueFrom="UserCustom" Tag="PostText" Value="" />
      <Texts>
        <Text ValueFrom="IdocOutputResult" Tag="Output1" />
      </Texts>
      <DecimalDigit>3</DecimalDigit>
    </HMITool>
    <HMITool Type="Group.LogViewer" ID="7ef45c5b-824c-47b2-8e26-6194ccda20e5" Name="" Left="1378" Top="88" Width="516" Height="446.333333333334" Background="#FF2D3234" Foreground="#FFFFFFFF" FontSize="15" FontWeight="Normal" FontStyle="Normal" TextDecoration="null" FontFamily="Arial" TextHorizontalAlignment="Left" TextVerticalAlignment="Center" BorderBrush="#FFFFFFFF" BorderThickness="0" ZIndex="384" ReadLevel="Everyone" WriteLevel="Everyone" IsLocked="False" AllowEditWhenRunning="False">
      <AuthenticationOfRead Condition="False" />
      <AuthenticationOfWrite Condition="False" />
      <DeviceID>e542a37b-eea2-41f2-aad6-33c769d3e776</DeviceID>
      <DisplayCount>10</DisplayCount>
      <IsShowSaveAs>True</IsShowSaveAs>
      <IsShowClear>True</IsShowClear>
      <IsShowSearch>True</IsShowSearch>
      <IsShowLogLevel>True</IsShowLogLevel>
      <IsShowDomain>True</IsShowDomain>
      <IsShowModule>True</IsShowModule>
      <IsShowTime>True</IsShowTime>
      <IsShowGrid>False</IsShowGrid>
    </HMITool>
    <HMITool Type="Display.Label" ID="222e1fb7-9bbc-4518-aa29-d97b75f429bd" Name="" Left="1186" Top="2" Width="464" Height="60" Background="#00FFFFFF" Foreground="#FFFFFFFF" FontSize="36" FontWeight="Normal" FontStyle="Normal" TextDecoration="null" FontFamily="Arial" TextHorizontalAlignment="Center" TextVerticalAlignment="Center" BorderBrush="#FFFFFFFF" BorderThickness="0" ZIndex="384" ReadLevel="Everyone" WriteLevel="Everyone" IsLocked="False" AllowEditWhenRunning="False">
      <AuthenticationOfRead Condition="False" />
      <AuthenticationOfWrite Condition="False" />
      <ReferencedIdocs>
        <ReferencedIdoc Tag="Output1" JobID="00000000-0000-0000-0000-000000000000" IdocID="4ef4ae97-089d-4427-975c-4f5e47d4b078" Output="Result" />
      </ReferencedIdocs>
      <PreText ValueFrom="UserCustom" Tag="PreText" Value="" />
      <PostText ValueFrom="UserCustom" Tag="PostText" Value="" />
      <Texts>
        <Text ValueFrom="IdocOutputResult" Tag="Output1" />
      </Texts>
      <DecimalDigit>3</DecimalDigit>
    </HMITool>
    <HMITool Type="Display.SingleLineText" ID="1c2a7d12-1286-4abc-b7a7-26483b284159" Name="" Left="0" Top="1026" Width="194" Height="54" Background="#00FFFFFF" Foreground="#FFFFFFFF" FontSize="36" FontWeight="Normal" FontStyle="Normal" TextDecoration="null" FontFamily="Arial" TextHorizontalAlignment="Center" TextVerticalAlignment="Center" BorderBrush="#FFFFFFFF" BorderThickness="0" ZIndex="384" ReadLevel="Everyone" WriteLevel="Everyone" IsLocked="False" AllowEditWhenRunning="False">
      <AuthenticationOfRead Condition="False" />
      <AuthenticationOfWrite Condition="False" />
      <Text>CPU状态:</Text>
    </HMITool>
    <HMITool Type="Display.Label" ID="5d7315a0-bbf2-4625-a024-922c46b1d789" Name="" Left="212" Top="1022" Width="142" Height="58" Background="#00FFFFFF" Foreground="#FFFFFFFF" FontSize="36" FontWeight="Normal" FontStyle="Normal" TextDecoration="null" FontFamily="Arial" TextHorizontalAlignment="Center" TextVerticalAlignment="Center" BorderBrush="#FFFFFFFF" BorderThickness="0" ZIndex="384" ReadLevel="Everyone" WriteLevel="Everyone" IsLocked="False" AllowEditWhenRunning="False">
      <AuthenticationOfRead Condition="False" />
      <AuthenticationOfWrite Condition="False" />
      <ReferencedIdocs>
        <ReferencedIdoc Tag="Output1" JobID="00000000-0000-0000-0000-000000000000" IdocID="e326ebfd-e37b-4b4b-bc1b-d082684ad28e" Output="Total Usage" />
      </ReferencedIdocs>
      <PreText ValueFrom="UserCustom" Tag="PreText" Value="" />
      <PostText ValueFrom="UserCustom" Tag="PostText" Value="" />
      <Texts>
        <Text ValueFrom="IdocOutputResult" Tag="Output1" />
      </Texts>
      <DecimalDigit>3</DecimalDigit>
    </HMITool>
    <HMITool Type="Display.SingleLineText" ID="cd14075b-27e0-4c30-b323-d26a78e39772" Name="" Left="398" Top="1024" Width="194" Height="54" Background="#00FFFFFF" Foreground="#FFFFFFFF" FontSize="36" FontWeight="Normal" FontStyle="Normal" TextDecoration="null" FontFamily="Arial" TextHorizontalAlignment="Center" TextVerticalAlignment="Center" BorderBrush="#FFFFFFFF" BorderThickness="0" ZIndex="768" ReadLevel="Everyone" WriteLevel="Everyone" IsLocked="False" AllowEditWhenRunning="False">
      <AuthenticationOfRead Condition="False" />
      <AuthenticationOfWrite Condition="False" />
      <Text>内存状态:</Text>
    </HMITool>
    <HMITool Type="Display.Label" ID="719f6642-1682-44c0-bb47-3277f43fe1c9" Name="" Left="588" Top="1020" Width="142" Height="58" Background="#00FFFFFF" Foreground="#FFFFFFFF" FontSize="36" FontWeight="Normal" FontStyle="Normal" TextDecoration="null" FontFamily="Arial" TextHorizontalAlignment="Center" TextVerticalAlignment="Center" BorderBrush="#FFFFFFFF" BorderThickness="0" ZIndex="768" ReadLevel="Everyone" WriteLevel="Everyone" IsLocked="False" AllowEditWhenRunning="False">
      <AuthenticationOfRead Condition="False" />
      <AuthenticationOfWrite Condition="False" />
      <ReferencedIdocs>
        <ReferencedIdoc Tag="Output1" JobID="00000000-0000-0000-0000-000000000000" IdocID="bc417878-1a46-4ece-8255-e3b7a567ebf2" Output="Total" />
      </ReferencedIdocs>
      <PreText ValueFrom="UserCustom" Tag="PreText" Value="" />
      <PostText ValueFrom="UserCustom" Tag="PostText" Value="" />
      <Texts>
        <Text ValueFrom="IdocOutputResult" Tag="Output1" />
      </Texts>
      <DecimalDigit>3</DecimalDigit>
    </HMITool>
    <SwitchToDesignerButton>
      <HMITool Type="Group.SwitchToDesignerButton" ID="282fb0ed-cdcd-4372-9597-cb7bf2c66518" Name="" Left="0" Top="0" Width="120" Height="60" Background="#00FFFFFF" Foreground="#FFFFFFFF" FontSize="15" FontWeight="Normal" FontStyle="Normal" TextDecoration="null" FontFamily="Arial" TextHorizontalAlignment="Left" TextVerticalAlignment="Center" BorderBrush="#FFFFFFFF" BorderThickness="0" ZIndex="0" ReadLevel="Everyone" WriteLevel="Everyone" IsLocked="False" AllowEditWhenRunning="True">
        <AuthenticationOfRead Condition="False" />
        <AuthenticationOfWrite Condition="False" />
      </HMITool>
    </SwitchToDesignerButton>
  </Window>
</Windows>